{
  "assembly": [
    "CarouselCellType.dll"
  ],
  "javascript": [
    "Resources/bootstrap/bs4.min.js",
    "Resources/CarouselCellType.js"
  ],
  "css": [
    "Resources/style/carousel.min.css",
    "Resources/style/CarouselCellType.css"
  ],
  "image": "Resources/PluginLogo.png",
  "description": "A cell type that cycles through slides like a carousel.",
  "description_cn": "本单元格类型可以进行图片的轮转切换。",
  "description_ja": "複数の画像を切り替えて表示するセル型です。",
  "description_kr": "여러 개의 이미지를 전환시키는 기능을 사용하실 수 있습니다.",
  "name_ja": "カルーセル",
  "name": "Carousel Cell Type",
  "name_cn": "图片轮转",
  "name_kr": "이미지 전환 기능",
  "pluginType": "cellType",
  "guid": "289c426a-b02f-4d0a-80ed-59e624674d0b",
  "version": "10.0.0.0",
  "dependenceVersion": "10.0.0.0",
  "bundleJavaScript": true,
  "bundleCSS": true
}